periodo_dia,municipio,categoria_macro,quantidade
MADRUGADA,AFONSO CLAUDIO,violencia_social,21
MADRUGADA,AFONSO CLAUDIO,patrimonial,7
MADRUGADA,AFONSO CLAUDIO,objetos,6
MANHA,AFONSO CLAUDIO,patrimonial,37
MANHA,AFONSO CLAUDIO,violencia_social,35
MANHA,AFONSO CLAUDIO,objetos,3
NOITE,AFONSO CLAUDIO,violencia_social,59
NOITE,AFONSO CLAUDIO,patrimonial,17
NOITE,AFONSO CLAUDIO,objetos,4
NOITE,AFONSO CLAUDIO,digital,1
TARDE,AFONSO CLAUDIO,patrimonial,57
TARDE,AFONSO CLAUDIO,violencia_social,46
TARDE,AFONSO CLAUDIO,objetos,4
TARDE,AFONSO CLAUDIO,digital,1
MADRUGADA,AGUA DOCE DO NORTE,violencia_social,3
MADRUGADA,AGUA DOCE DO NORTE,patrimonial,2
MANHA,AGUA DOCE DO NORTE,patrimonial,10
MANHA,AGUA DOCE DO NORTE,violencia_social,9
MANHA,AGUA DOCE DO NORTE,objetos,1
NOITE,AGUA DOCE DO NORTE,violencia_social,14
NOITE,AGUA DOCE DO NORTE,patrimonial,9
NOITE,AGUA DOCE DO NORTE,objetos,1
TARDE,AGUA DOCE DO NORTE,patrimonial,16
TARDE,AGUA DOCE DO NORTE,violencia_social,10
MADRUGADA,AGUIA BRANCA,violencia_social,4
MADRUGADA,AGUIA BRANCA,patrimonial,2
MADRUGADA,AGUIA BRANCA,digital,1
MANHA,AGUIA BRANCA,violencia_social,6
MANHA,AGUIA BRANCA,patrimonial,3
MANHA,AGUIA BRANCA,objetos,2
MANHA,AGUIA BRANCA,digital,1
NOITE,AGUIA BRANCA,violencia_social,7
NOITE,AGUIA BRANCA,patrimonial,2
TARDE,AGUIA BRANCA,violencia_social,12
TARDE,AGUIA BRANCA,patrimonial,6
MADRUGADA,ALEGRE,violencia_social,20
MADRUGADA,ALEGRE,patrimonial,17
MADRUGADA,ALEGRE,objetos,13
MANHA,ALEGRE,patrimonial,46
MANHA,ALEGRE,violencia_social,39
MANHA,ALEGRE,objetos,9
NOITE,ALEGRE,violencia_social,58
NOITE,ALEGRE,patrimonial,33
NOITE,ALEGRE,objetos,8
TARDE,ALEGRE,patrimonial,85
TARDE,ALEGRE,violencia_social,61
TARDE,ALEGRE,objetos,5
MADRUGADA,ALFREDO CHAVES,objetos,3
MADRUGADA,ALFREDO CHAVES,patrimonial,3
MADRUGADA,ALFREDO CHAVES,violencia_social,2
MADRUGADA,ALFREDO CHAVES,digital,1
MANHA,ALFREDO CHAVES,patrimonial,28
MANHA,ALFREDO CHAVES,violencia_social,14
MANHA,ALFREDO CHAVES,digital,6
MANHA,ALFREDO CHAVES,objetos,1
NOITE,ALFREDO CHAVES,violencia_social,16
NOITE,ALFREDO CHAVES,patrimonial,11
NOITE,ALFREDO CHAVES,objetos,7
NOITE,ALFREDO CHAVES,digital,3
TARDE,ALFREDO CHAVES,patrimonial,41
TARDE,ALFREDO CHAVES,violencia_social,18
TARDE,ALFREDO CHAVES,digital,6
TARDE,ALFREDO CHAVES,objetos,3
MADRUGADA,ALTO RIO NOVO,violencia_social,4
MADRUGADA,ALTO RIO NOVO,patrimonial,3
MANHA,ALTO RIO NOVO,patrimonial,14
MANHA,ALTO RIO NOVO,violencia_social,6
NOITE,ALTO RIO NOVO,violencia_social,11
NOITE,ALTO RIO NOVO,patrimonial,5
NOITE,ALTO RIO NOVO,objetos,1
TARDE,ALTO RIO NOVO,patrimonial,26
TARDE,ALTO RIO NOVO,violencia_social,20
MADRUGADA,ANCHIETA,patrimonial,38
MADRUGADA,ANCHIETA,violencia_social,26
MADRUGADA,ANCHIETA,objetos,10
MADRUGADA,ANCHIETA,digital,1
MANHA,ANCHIETA,patrimonial,62
MANHA,ANCHIETA,violencia_social,41
MANHA,ANCHIETA,digital,21
MANHA,ANCHIETA,objetos,4
NOITE,ANCHIETA,violencia_social,52
NOITE,ANCHIETA,patrimonial,38
NOITE,ANCHIETA,digital,9
NOITE,ANCHIETA,objetos,8
TARDE,ANCHIETA,patrimonial,106
TARDE,ANCHIETA,violencia_social,40
TARDE,ANCHIETA,digital,30
TARDE,ANCHIETA,objetos,20
MADRUGADA,APIACA,violencia_social,1
MANHA,APIACA,patrimonial,6
MANHA,APIACA,violencia_social,3
NOITE,APIACA,patrimonial,5
NOITE,APIACA,violencia_social,5
NOITE,APIACA,objetos,3
TARDE,APIACA,patrimonial,13
TARDE,APIACA,violencia_social,8
TARDE,APIACA,objetos,1
MADRUGADA,ARACRUZ,violencia_social,106
MADRUGADA,ARACRUZ,objetos,70
MADRUGADA,ARACRUZ,patrimonial,55
MADRUGADA,ARACRUZ,digital,4
MANHA,ARACRUZ,patrimonial,252
MANHA,ARACRUZ,violencia_social,132
MANHA,ARACRUZ,objetos,71
MANHA,ARACRUZ,digital,12
NOITE,ARACRUZ,violencia_social,269
NOITE,ARACRUZ,patrimonial,147
NOITE,ARACRUZ,objetos,79
NOITE,ARACRUZ,digital,8
TARDE,ARACRUZ,patrimonial,399
TARDE,ARACRUZ,violencia_social,187
TARDE,ARACRUZ,objetos,85
TARDE,ARACRUZ,digital,19
MADRUGADA,ATILIO VIVACQUA,patrimonial,13
MADRUGADA,ATILIO VIVACQUA,objetos,7
MADRUGADA,ATILIO VIVACQUA,violencia_social,4
MANHA,ATILIO VIVACQUA,patrimonial,15
MANHA,ATILIO VIVACQUA,violencia_social,4
MANHA,ATILIO VIVACQUA,objetos,1
NOITE,ATILIO VIVACQUA,violencia_social,15
NOITE,ATILIO VIVACQUA,patrimonial,8
NOITE,ATILIO VIVACQUA,objetos,3
TARDE,ATILIO VIVACQUA,patrimonial,32
TARDE,ATILIO VIVACQUA,violencia_social,6
TARDE,ATILIO VIVACQUA,objetos,2
MADRUGADA,BAIXO GUANDU,patrimonial,25
MADRUGADA,BAIXO GUANDU,violencia_social,25
MADRUGADA,BAIXO GUANDU,objetos,15
MANHA,BAIXO GUANDU,patrimonial,86
MANHA,BAIXO GUANDU,violencia_social,34
MANHA,BAIXO GUANDU,objetos,10
NOITE,BAIXO GUANDU,violencia_social,70
NOITE,BAIXO GUANDU,patrimonial,35
NOITE,BAIXO GUANDU,objetos,6
TARDE,BAIXO GUANDU,patrimonial,120
TARDE,BAIXO GUANDU,violencia_social,51
TARDE,BAIXO GUANDU,objetos,9
MADRUGADA,BARRA DE SAO FRANCISCO,violencia_social,41
MADRUGADA,BARRA DE SAO FRANCISCO,patrimonial,28
MADRUGADA,BARRA DE SAO FRANCISCO,objetos,11
MANHA,BARRA DE SAO FRANCISCO,patrimonial,111
MANHA,BARRA DE SAO FRANCISCO,violencia_social,67
MANHA,BARRA DE SAO FRANCISCO,objetos,16
MANHA,BARRA DE SAO FRANCISCO,digital,4
NOITE,BARRA DE SAO FRANCISCO,violencia_social,89
NOITE,BARRA DE SAO FRANCISCO,patrimonial,64
NOITE,BARRA DE SAO FRANCISCO,objetos,17
NOITE,BARRA DE SAO FRANCISCO,digital,1
TARDE,BARRA DE SAO FRANCISCO,patrimonial,180
TARDE,BARRA DE SAO FRANCISCO,violencia_social,76
TARDE,BARRA DE SAO FRANCISCO,objetos,19
TARDE,BARRA DE SAO FRANCISCO,digital,4
MADRUGADA,BOA ESPERANCA,violencia_social,15
MADRUGADA,BOA ESPERANCA,objetos,4
MADRUGADA,BOA ESPERANCA,patrimonial,2
MANHA,BOA ESPERANCA,patrimonial,15
MANHA,BOA ESPERANCA,violencia_social,8
MANHA,BOA ESPERANCA,objetos,6
NOITE,BOA ESPERANCA,violencia_social,39
NOITE,BOA ESPERANCA,patrimonial,16
NOITE,BOA ESPERANCA,objetos,8
TARDE,BOA ESPERANCA,violencia_social,28
TARDE,BOA ESPERANCA,patrimonial,19
MADRUGADA,BOM JESUS DO NORTE,violencia_social,10
MADRUGADA,BOM JESUS DO NORTE,objetos,5
MADRUGADA,BOM JESUS DO NORTE,patrimonial,4
MANHA,BOM JESUS DO NORTE,patrimonial,13
MANHA,BOM JESUS DO NORTE,violencia_social,8
MANHA,BOM JESUS DO NORTE,objetos,6
NOITE,BOM JESUS DO NORTE,violencia_social,24
NOITE,BOM JESUS DO NORTE,patrimonial,12
NOITE,BOM JESUS DO NORTE,objetos,5
TARDE,BOM JESUS DO NORTE,patrimonial,12
TARDE,BOM JESUS DO NORTE,violencia_social,12
TARDE,BOM JESUS DO NORTE,objetos,2
MADRUGADA,BREJETUBA,violencia_social,4
MADRUGADA,BREJETUBA,objetos,1
MADRUGADA,BREJETUBA,patrimonial,1
MANHA,BREJETUBA,patrimonial,13
MANHA,BREJETUBA,violencia_social,11
MANHA,BREJETUBA,objetos,1
NOITE,BREJETUBA,violencia_social,17
NOITE,BREJETUBA,patrimonial,8
NOITE,BREJETUBA,objetos,2
TARDE,BREJETUBA,patrimonial,22
TARDE,BREJETUBA,violencia_social,21
TARDE,BREJETUBA,objetos,2
MADRUGADA,CACHOEIRO DE ITAPEMIRIM,violencia_social,157
MADRUGADA,CACHOEIRO DE ITAPEMIRIM,patrimonial,152
MADRUGADA,CACHOEIRO DE ITAPEMIRIM,objetos,68
MADRUGADA,CACHOEIRO DE ITAPEMIRIM,digital,2
MANHA,CACHOEIRO DE ITAPEMIRIM,patrimonial,649
MANHA,CACHOEIRO DE ITAPEMIRIM,violencia_social,235
MANHA,CACHOEIRO DE ITAPEMIRIM,objetos,54
MANHA,CACHOEIRO DE ITAPEMIRIM,digital,5
NOITE,CACHOEIRO DE ITAPEMIRIM,patrimonial,419
NOITE,CACHOEIRO DE ITAPEMIRIM,violencia_social,361
NOITE,CACHOEIRO DE ITAPEMIRIM,objetos,176
NOITE,CACHOEIRO DE ITAPEMIRIM,digital,2
TARDE,CACHOEIRO DE ITAPEMIRIM,patrimonial,856
TARDE,CACHOEIRO DE ITAPEMIRIM,violencia_social,317
TARDE,CACHOEIRO DE ITAPEMIRIM,objetos,62
TARDE,CACHOEIRO DE ITAPEMIRIM,digital,11
MADRUGADA,CARIACICA,patrimonial,710
MADRUGADA,CARIACICA,objetos,692
MADRUGADA,CARIACICA,violencia_social,218
MADRUGADA,CARIACICA,digital,7
MANHA,CARIACICA,patrimonial,1715
MANHA,CARIACICA,objetos,682
MANHA,CARIACICA,violencia_social,288
MANHA,CARIACICA,digital,41
NOITE,CARIACICA,patrimonial,1334
NOITE,CARIACICA,objetos,1218
NOITE,CARIACICA,violencia_social,504
NOITE,CARIACICA,digital,36
TARDE,CARIACICA,patrimonial,2202
TARDE,CARIACICA,objetos,637
TARDE,CARIACICA,violencia_social,362
TARDE,CARIACICA,digital,79
MADRUGADA,CASTELO,patrimonial,37
MADRUGADA,CASTELO,violencia_social,26
MADRUGADA,CASTELO,objetos,13
MADRUGADA,CASTELO,digital,3
MANHA,CASTELO,patrimonial,120
MANHA,CASTELO,violencia_social,49
MANHA,CASTELO,digital,27
MANHA,CASTELO,objetos,7
NOITE,CASTELO,violencia_social,76
NOITE,CASTELO,patrimonial,62
NOITE,CASTELO,objetos,11
NOITE,CASTELO,digital,7
TARDE,CASTELO,patrimonial,174
TARDE,CASTELO,violencia_social,39
TARDE,CASTELO,digital,23
TARDE,CASTELO,objetos,16
MADRUGADA,COLATINA,violencia_social,138
MADRUGADA,COLATINA,patrimonial,109
MADRUGADA,COLATINA,objetos,48
MADRUGADA,COLATINA,digital,5
MANHA,COLATINA,patrimonial,347
MANHA,COLATINA,violencia_social,192
MANHA,COLATINA,digital,69
MANHA,COLATINA,objetos,38
NOITE,COLATINA,violencia_social,353
NOITE,COLATINA,patrimonial,252
NOITE,COLATINA,objetos,75
NOITE,COLATINA,digital,39
TARDE,COLATINA,patrimonial,580
TARDE,COLATINA,violencia_social,226
TARDE,COLATINA,digital,106
TARDE,COLATINA,objetos,43
MADRUGADA,CONCEICAO DA BARRA,patrimonial,27
MADRUGADA,CONCEICAO DA BARRA,objetos,15
MADRUGADA,CONCEICAO DA BARRA,violencia_social,15
MADRUGADA,CONCEICAO DA BARRA,digital,1
MANHA,CONCEICAO DA BARRA,patrimonial,61
MANHA,CONCEICAO DA BARRA,violencia_social,33
MANHA,CONCEICAO DA BARRA,objetos,14
MANHA,CONCEICAO DA BARRA,digital,8
NOITE,CONCEICAO DA BARRA,violencia_social,56
NOITE,CONCEICAO DA BARRA,patrimonial,43
NOITE,CONCEICAO DA BARRA,objetos,33
NOITE,CONCEICAO DA BARRA,digital,3
TARDE,CONCEICAO DA BARRA,patrimonial,106
TARDE,CONCEICAO DA BARRA,violencia_social,39
TARDE,CONCEICAO DA BARRA,objetos,21
TARDE,CONCEICAO DA BARRA,digital,15
MADRUGADA,CONCEICAO DO CASTELO,patrimonial,4
MADRUGADA,CONCEICAO DO CASTELO,violencia_social,4
MADRUGADA,CONCEICAO DO CASTELO,objetos,2
MANHA,CONCEICAO DO CASTELO,patrimonial,21
MANHA,CONCEICAO DO CASTELO,violencia_social,7
MANHA,CONCEICAO DO CASTELO,objetos,4
MANHA,CONCEICAO DO CASTELO,digital,1
NOITE,CONCEICAO DO CASTELO,violencia_social,36
NOITE,CONCEICAO DO CASTELO,patrimonial,8
NOITE,CONCEICAO DO CASTELO,digital,2
TARDE,CONCEICAO DO CASTELO,patrimonial,28
TARDE,CONCEICAO DO CASTELO,violencia_social,20
TARDE,CONCEICAO DO CASTELO,objetos,1
MADRUGADA,DIVINO DE SAO LOURENCO,patrimonial,1
MADRUGADA,DIVINO DE SAO LOURENCO,violencia_social,1
MANHA,DIVINO DE SAO LOURENCO,patrimonial,4
MANHA,DIVINO DE SAO LOURENCO,violencia_social,4
MANHA,DIVINO DE SAO LOURENCO,objetos,1
NOITE,DIVINO DE SAO LOURENCO,violencia_social,4
NOITE,DIVINO DE SAO LOURENCO,patrimonial,1
TARDE,DIVINO DE SAO LOURENCO,violencia_social,5
TARDE,DIVINO DE SAO LOURENCO,patrimonial,3
MADRUGADA,DOMINGOS MARTINS,patrimonial,10
MADRUGADA,DOMINGOS MARTINS,violencia_social,10
MADRUGADA,DOMINGOS MARTINS,objetos,8
MANHA,DOMINGOS MARTINS,patrimonial,23
MANHA,DOMINGOS MARTINS,violencia_social,7
MANHA,DOMINGOS MARTINS,objetos,6
NOITE,DOMINGOS MARTINS,violencia_social,25
NOITE,DOMINGOS MARTINS,patrimonial,14
NOITE,DOMINGOS MARTINS,objetos,6
TARDE,DOMINGOS MARTINS,patrimonial,47
TARDE,DOMINGOS MARTINS,violencia_social,23
TARDE,DOMINGOS MARTINS,objetos,10
MADRUGADA,DORES DO RIO PRETO,patrimonial,1
MADRUGADA,DORES DO RIO PRETO,violencia_social,1
MANHA,DORES DO RIO PRETO,patrimonial,9
MANHA,DORES DO RIO PRETO,violencia_social,9
NOITE,DORES DO RIO PRETO,violencia_social,9
NOITE,DORES DO RIO PRETO,patrimonial,5
TARDE,DORES DO RIO PRETO,patrimonial,11
TARDE,DORES DO RIO PRETO,violencia_social,4
MADRUGADA,ECOPORANGA,violencia_social,17
MADRUGADA,ECOPORANGA,patrimonial,7
MANHA,ECOPORANGA,violencia_social,9
MANHA,ECOPORANGA,patrimonial,8
MANHA,ECOPORANGA,digital,2
NOITE,ECOPORANGA,violencia_social,20
NOITE,ECOPORANGA,patrimonial,8
NOITE,ECOPORANGA,digital,2
TARDE,ECOPORANGA,patrimonial,15
TARDE,ECOPORANGA,violencia_social,13
TARDE,ECOPORANGA,digital,2
MADRUGADA,FUNDAO,patrimonial,18
MADRUGADA,FUNDAO,violencia_social,12
MADRUGADA,FUNDAO,objetos,6
MANHA,FUNDAO,patrimonial,39
MANHA,FUNDAO,violencia_social,16
MANHA,FUNDAO,objetos,3
MANHA,FUNDAO,digital,1
NOITE,FUNDAO,patrimonial,33
NOITE,FUNDAO,violencia_social,31
NOITE,FUNDAO,objetos,16
NOITE,FUNDAO,digital,1
TARDE,FUNDAO,patrimonial,68
TARDE,FUNDAO,violencia_social,19
TARDE,FUNDAO,objetos,13
MADRUGADA,GOVERNADOR LINDENBERG,violencia_social,8
MADRUGADA,GOVERNADOR LINDENBERG,patrimonial,2
MADRUGADA,GOVERNADOR LINDENBERG,objetos,1
MANHA,GOVERNADOR LINDENBERG,patrimonial,14
MANHA,GOVERNADOR LINDENBERG,violencia_social,5
MANHA,GOVERNADOR LINDENBERG,digital,3
NOITE,GOVERNADOR LINDENBERG,patrimonial,7
NOITE,GOVERNADOR LINDENBERG,violencia_social,7
NOITE,GOVERNADOR LINDENBERG,objetos,3
NOITE,GOVERNADOR LINDENBERG,digital,1
TARDE,GOVERNADOR LINDENBERG,patrimonial,12
TARDE,GOVERNADOR LINDENBERG,violencia_social,5
TARDE,GOVERNADOR LINDENBERG,digital,1
TARDE,GOVERNADOR LINDENBERG,objetos,1
MADRUGADA,GUACUI,patrimonial,21
MADRUGADA,GUACUI,violencia_social,21
MADRUGADA,GUACUI,objetos,11
MANHA,GUACUI,patrimonial,64
MANHA,GUACUI,violencia_social,16
MANHA,GUACUI,objetos,9
NOITE,GUACUI,violencia_social,52
NOITE,GUACUI,patrimonial,32
NOITE,GUACUI,objetos,10
TARDE,GUACUI,patrimonial,69
TARDE,GUACUI,violencia_social,44
TARDE,GUACUI,objetos,5
TARDE,GUACUI,digital,1
MADRUGADA,GUARAPARI,objetos,178
MADRUGADA,GUARAPARI,patrimonial,172
MADRUGADA,GUARAPARI,violencia_social,63
MADRUGADA,GUARAPARI,digital,1
MANHA,GUARAPARI,patrimonial,575
MANHA,GUARAPARI,objetos,113
MANHA,GUARAPARI,violencia_social,104
MANHA,GUARAPARI,digital,2
NOITE,GUARAPARI,patrimonial,381
NOITE,GUARAPARI,objetos,205
NOITE,GUARAPARI,violencia_social,123
NOITE,GUARAPARI,digital,5
TARDE,GUARAPARI,patrimonial,898
TARDE,GUARAPARI,objetos,163
TARDE,GUARAPARI,violencia_social,112
TARDE,GUARAPARI,digital,9
MADRUGADA,IBATIBA,patrimonial,11
MADRUGADA,IBATIBA,objetos,10
MADRUGADA,IBATIBA,violencia_social,10
MANHA,IBATIBA,patrimonial,50
MANHA,IBATIBA,violencia_social,24
MANHA,IBATIBA,objetos,6
NOITE,IBATIBA,violencia_social,43
NOITE,IBATIBA,patrimonial,23
NOITE,IBATIBA,objetos,8
TARDE,IBATIBA,patrimonial,77
TARDE,IBATIBA,violencia_social,30
TARDE,IBATIBA,objetos,7
MADRUGADA,IBIRACU,patrimonial,5
MADRUGADA,IBIRACU,violencia_social,2
MANHA,IBIRACU,patrimonial,29
MANHA,IBIRACU,violencia_social,10
MANHA,IBIRACU,objetos,4
NOITE,IBIRACU,violencia_social,29
NOITE,IBIRACU,patrimonial,14
NOITE,IBIRACU,objetos,6
NOITE,IBIRACU,digital,1
TARDE,IBIRACU,patrimonial,32
TARDE,IBIRACU,violencia_social,24
TARDE,IBIRACU,objetos,3
MADRUGADA,IBITIRAMA,patrimonial,3
MADRUGADA,IBITIRAMA,violencia_social,2
MANHA,IBITIRAMA,patrimonial,8
MANHA,IBITIRAMA,objetos,2
MANHA,IBITIRAMA,violencia_social,1
NOITE,IBITIRAMA,violencia_social,12
NOITE,IBITIRAMA,patrimonial,3
TARDE,IBITIRAMA,patrimonial,13
TARDE,IBITIRAMA,violencia_social,6
TARDE,IBITIRAMA,objetos,1
MADRUGADA,ICONHA,objetos,2
MADRUGADA,ICONHA,patrimonial,2
MADRUGADA,ICONHA,violencia_social,2
MANHA,ICONHA,patrimonial,25
MANHA,ICONHA,violencia_social,10
MANHA,ICONHA,objetos,5
MANHA,ICONHA,digital,2
NOITE,ICONHA,violencia_social,11
NOITE,ICONHA,patrimonial,10
NOITE,ICONHA,digital,2
NOITE,ICONHA,objetos,2
TARDE,ICONHA,patrimonial,34
TARDE,ICONHA,violencia_social,10
TARDE,ICONHA,digital,6
TARDE,ICONHA,objetos,3
MADRUGADA,IRUPI,violencia_social,4
MADRUGADA,IRUPI,objetos,3
MADRUGADA,IRUPI,patrimonial,3
MANHA,IRUPI,patrimonial,12
MANHA,IRUPI,violencia_social,6
MANHA,IRUPI,objetos,1
NOITE,IRUPI,violencia_social,24
NOITE,IRUPI,patrimonial,6
NOITE,IRUPI,objetos,5
TARDE,IRUPI,patrimonial,31
TARDE,IRUPI,violencia_social,17
TARDE,IRUPI,objetos,2
MADRUGADA,ITAGUACU,violencia_social,9
MADRUGADA,ITAGUACU,patrimonial,4
MADRUGADA,ITAGUACU,objetos,3
MANHA,ITAGUACU,patrimonial,27
MANHA,ITAGUACU,violencia_social,10
MANHA,ITAGUACU,objetos,1
NOITE,ITAGUACU,violencia_social,25
NOITE,ITAGUACU,patrimonial,12
NOITE,ITAGUACU,objetos,4
TARDE,ITAGUACU,patrimonial,31
TARDE,ITAGUACU,violencia_social,16
TARDE,ITAGUACU,objetos,5
MADRUGADA,ITAPEMIRIM,violencia_social,45
MADRUGADA,ITAPEMIRIM,patrimonial,36
MADRUGADA,ITAPEMIRIM,objetos,16
MANHA,ITAPEMIRIM,patrimonial,105
MANHA,ITAPEMIRIM,violencia_social,55
MANHA,ITAPEMIRIM,objetos,21
NOITE,ITAPEMIRIM,violencia_social,96
NOITE,ITAPEMIRIM,patrimonial,87
NOITE,ITAPEMIRIM,objetos,37
NOITE,ITAPEMIRIM,digital,1
TARDE,ITAPEMIRIM,patrimonial,201
TARDE,ITAPEMIRIM,violencia_social,72
TARDE,ITAPEMIRIM,objetos,22
MADRUGADA,ITARANA,violencia_social,4
MADRUGADA,ITARANA,patrimonial,3
MADRUGADA,ITARANA,objetos,2
MANHA,ITARANA,patrimonial,7
MANHA,ITARANA,violencia_social,6
MANHA,ITARANA,objetos,1
NOITE,ITARANA,violencia_social,18
NOITE,ITARANA,patrimonial,5
NOITE,ITARANA,objetos,1
TARDE,ITARANA,patrimonial,20
TARDE,ITARANA,violencia_social,7
MADRUGADA,IUNA,violencia_social,25
MADRUGADA,IUNA,patrimonial,19
MADRUGADA,IUNA,objetos,8
MANHA,IUNA,patrimonial,74
MANHA,IUNA,violencia_social,22
MANHA,IUNA,objetos,3
NOITE,IUNA,violencia_social,57
NOITE,IUNA,patrimonial,31
NOITE,IUNA,objetos,11
TARDE,IUNA,patrimonial,111
TARDE,IUNA,violencia_social,38
TARDE,IUNA,objetos,8
MADRUGADA,JAGUARE,violencia_social,16
MADRUGADA,JAGUARE,patrimonial,9
MADRUGADA,JAGUARE,objetos,5
MANHA,JAGUARE,patrimonial,24
MANHA,JAGUARE,violencia_social,14
MANHA,JAGUARE,objetos,3
NOITE,JAGUARE,violencia_social,26
NOITE,JAGUARE,patrimonial,11
NOITE,JAGUARE,objetos,8
TARDE,JAGUARE,patrimonial,44
TARDE,JAGUARE,violencia_social,27
TARDE,JAGUARE,objetos,7
MADRUGADA,JERONIMO MONTEIRO,violencia_social,18
MADRUGADA,JERONIMO MONTEIRO,patrimonial,5
MADRUGADA,JERONIMO MONTEIRO,objetos,2
MANHA,JERONIMO MONTEIRO,patrimonial,26
MANHA,JERONIMO MONTEIRO,violencia_social,10
MANHA,JERONIMO MONTEIRO,objetos,3
NOITE,JERONIMO MONTEIRO,violencia_social,30
NOITE,JERONIMO MONTEIRO,patrimonial,16
NOITE,JERONIMO MONTEIRO,objetos,4
TARDE,JERONIMO MONTEIRO,patrimonial,41
TARDE,JERONIMO MONTEIRO,violencia_social,19
TARDE,JERONIMO MONTEIRO,objetos,3
MADRUGADA,JOAO NEIVA,violencia_social,15
MADRUGADA,JOAO NEIVA,objetos,4
MADRUGADA,JOAO NEIVA,patrimonial,1
MANHA,JOAO NEIVA,patrimonial,18
MANHA,JOAO NEIVA,violencia_social,15
MANHA,JOAO NEIVA,objetos,3
NOITE,JOAO NEIVA,violencia_social,38
NOITE,JOAO NEIVA,patrimonial,14
NOITE,JOAO NEIVA,objetos,5
TARDE,JOAO NEIVA,patrimonial,56
TARDE,JOAO NEIVA,violencia_social,20
TARDE,JOAO NEIVA,objetos,7
MADRUGADA,LARANJA DA TERRA,objetos,1
MADRUGADA,LARANJA DA TERRA,violencia_social,1
MANHA,LARANJA DA TERRA,patrimonial,3
MANHA,LARANJA DA TERRA,violencia_social,2
MANHA,LARANJA DA TERRA,objetos,1
NOITE,LARANJA DA TERRA,violencia_social,10
NOITE,LARANJA DA TERRA,patrimonial,6
TARDE,LARANJA DA TERRA,violencia_social,15
TARDE,LARANJA DA TERRA,patrimonial,12
TARDE,LARANJA DA TERRA,objetos,1
MADRUGADA,LINHARES,objetos,121
MADRUGADA,LINHARES,violencia_social,116
MADRUGADA,LINHARES,patrimonial,107
MANHA,LINHARES,patrimonial,453
MANHA,LINHARES,violencia_social,146
MANHA,LINHARES,objetos,130
MANHA,LINHARES,digital,2
NOITE,LINHARES,patrimonial,347
NOITE,LINHARES,violencia_social,321
NOITE,LINHARES,objetos,198
NOITE,LINHARES,digital,1
TARDE,LINHARES,patrimonial,700
TARDE,LINHARES,objetos,179
TARDE,LINHARES,violencia_social,176
MADRUGADA,MANTENOPOLIS,violencia_social,8
MADRUGADA,MANTENOPOLIS,objetos,4
MANHA,MANTENOPOLIS,patrimonial,19
MANHA,MANTENOPOLIS,digital,9
MANHA,MANTENOPOLIS,violencia_social,7
MANHA,MANTENOPOLIS,objetos,4
NOITE,MANTENOPOLIS,violencia_social,16
NOITE,MANTENOPOLIS,objetos,7
NOITE,MANTENOPOLIS,digital,5
NOITE,MANTENOPOLIS,patrimonial,2
TARDE,MANTENOPOLIS,patrimonial,21
TARDE,MANTENOPOLIS,digital,20
TARDE,MANTENOPOLIS,violencia_social,16
MADRUGADA,MARATAIZES,patrimonial,72
MADRUGADA,MARATAIZES,violencia_social,52
MADRUGADA,MARATAIZES,objetos,45
MANHA,MARATAIZES,patrimonial,144
MANHA,MARATAIZES,violencia_social,66
MANHA,MARATAIZES,objetos,46
NOITE,MARATAIZES,patrimonial,116
NOITE,MARATAIZES,violencia_social,99
NOITE,MARATAIZES,objetos,49
TARDE,MARATAIZES,patrimonial,230
TARDE,MARATAIZES,violencia_social,86
TARDE,MARATAIZES,objetos,31
MADRUGADA,MARECHAL FLORIANO,patrimonial,5
MADRUGADA,MARECHAL FLORIANO,violencia_social,5
MADRUGADA,MARECHAL FLORIANO,objetos,3
MANHA,MARECHAL FLORIANO,patrimonial,33
MANHA,MARECHAL FLORIANO,violencia_social,7
MANHA,MARECHAL FLORIANO,objetos,5
NOITE,MARECHAL FLORIANO,violencia_social,20
NOITE,MARECHAL FLORIANO,patrimonial,14
NOITE,MARECHAL FLORIANO,objetos,5
TARDE,MARECHAL FLORIANO,patrimonial,48
TARDE,MARECHAL FLORIANO,violencia_social,12
TARDE,MARECHAL FLORIANO,objetos,3
MADRUGADA,MARILANDIA,violencia_social,8
MADRUGADA,MARILANDIA,patrimonial,5
MADRUGADA,MARILANDIA,objetos,4
MANHA,MARILANDIA,patrimonial,28
MANHA,MARILANDIA,violencia_social,14
MANHA,MARILANDIA,objetos,3
NOITE,MARILANDIA,violencia_social,17
NOITE,MARILANDIA,patrimonial,9
NOITE,MARILANDIA,objetos,5
TARDE,MARILANDIA,patrimonial,46
TARDE,MARILANDIA,violencia_social,28
TARDE,MARILANDIA,objetos,8
MADRUGADA,MIMOSO DO SUL,violencia_social,12
MADRUGADA,MIMOSO DO SUL,objetos,11
MADRUGADA,MIMOSO DO SUL,patrimonial,10
MANHA,MIMOSO DO SUL,patrimonial,35
MANHA,MIMOSO DO SUL,violencia_social,20
MANHA,MIMOSO DO SUL,objetos,7
NOITE,MIMOSO DO SUL,violencia_social,24
NOITE,MIMOSO DO SUL,patrimonial,22
NOITE,MIMOSO DO SUL,objetos,13
TARDE,MIMOSO DO SUL,patrimonial,54
TARDE,MIMOSO DO SUL,violencia_social,25
TARDE,MIMOSO DO SUL,objetos,6
MADRUGADA,MONTANHA,patrimonial,38
MADRUGADA,MONTANHA,violencia_social,25
MADRUGADA,MONTANHA,objetos,9
MADRUGADA,MONTANHA,digital,1
MANHA,MONTANHA,patrimonial,23
MANHA,MONTANHA,violencia_social,8
MANHA,MONTANHA,objetos,7
NOITE,MONTANHA,violencia_social,31
NOITE,MONTANHA,patrimonial,14
NOITE,MONTANHA,objetos,5
NOITE,MONTANHA,digital,1
TARDE,MONTANHA,patrimonial,40
TARDE,MONTANHA,violencia_social,16
TARDE,MONTANHA,objetos,8
MADRUGADA,MUCURICI,patrimonial,7
MADRUGADA,MUCURICI,violencia_social,6
MADRUGADA,MUCURICI,objetos,2
MANHA,MUCURICI,digital,1
NOITE,MUCURICI,violencia_social,13
NOITE,MUCURICI,patrimonial,3
NOITE,MUCURICI,objetos,1
TARDE,MUCURICI,patrimonial,6
TARDE,MUCURICI,violencia_social,6
MADRUGADA,MUNIZ FREIRE,violencia_social,8
MADRUGADA,MUNIZ FREIRE,objetos,3
MADRUGADA,MUNIZ FREIRE,patrimonial,3
MANHA,MUNIZ FREIRE,patrimonial,22
MANHA,MUNIZ FREIRE,violencia_social,11
MANHA,MUNIZ FREIRE,objetos,2
NOITE,MUNIZ FREIRE,violencia_social,27
NOITE,MUNIZ FREIRE,patrimonial,17
NOITE,MUNIZ FREIRE,objetos,2
TARDE,MUNIZ FREIRE,patrimonial,51
TARDE,MUNIZ FREIRE,violencia_social,21
TARDE,MUNIZ FREIRE,objetos,2
MADRUGADA,MUQUI,violencia_social,9
MADRUGADA,MUQUI,patrimonial,3
MADRUGADA,MUQUI,objetos,2
MANHA,MUQUI,patrimonial,21
MANHA,MUQUI,violencia_social,12
MANHA,MUQUI,objetos,3
NOITE,MUQUI,violencia_social,17
NOITE,MUQUI,objetos,8
NOITE,MUQUI,patrimonial,7
TARDE,MUQUI,patrimonial,49
TARDE,MUQUI,violencia_social,9
TARDE,MUQUI,objetos,1
MADRUGADA,NOVA VENECIA,patrimonial,118
MADRUGADA,NOVA VENECIA,violencia_social,76
MADRUGADA,NOVA VENECIA,objetos,20
MADRUGADA,NOVA VENECIA,digital,1
MANHA,NOVA VENECIA,patrimonial,119
MANHA,NOVA VENECIA,violencia_social,57
MANHA,NOVA VENECIA,objetos,12
MANHA,NOVA VENECIA,digital,1
NOITE,NOVA VENECIA,violencia_social,114
NOITE,NOVA VENECIA,patrimonial,52
NOITE,NOVA VENECIA,objetos,14
TARDE,NOVA VENECIA,patrimonial,163
TARDE,NOVA VENECIA,violencia_social,67
TARDE,NOVA VENECIA,objetos,19
TARDE,NOVA VENECIA,digital,1
MADRUGADA,PANCAS,patrimonial,13
MADRUGADA,PANCAS,violencia_social,7
MADRUGADA,PANCAS,objetos,4
MADRUGADA,PANCAS,digital,2
MANHA,PANCAS,patrimonial,39
MANHA,PANCAS,violencia_social,18
MANHA,PANCAS,objetos,3
MANHA,PANCAS,digital,1
NOITE,PANCAS,violencia_social,23
NOITE,PANCAS,patrimonial,11
NOITE,PANCAS,objetos,4
NOITE,PANCAS,digital,1
TARDE,PANCAS,patrimonial,44
TARDE,PANCAS,violencia_social,28
TARDE,PANCAS,objetos,7
TARDE,PANCAS,digital,3
MADRUGADA,PEDRO CANARIO,violencia_social,7
MADRUGADA,PEDRO CANARIO,patrimonial,5
MADRUGADA,PEDRO CANARIO,objetos,3
MANHA,PEDRO CANARIO,patrimonial,38
MANHA,PEDRO CANARIO,violencia_social,15
MANHA,PEDRO CANARIO,objetos,8
NOITE,PEDRO CANARIO,violencia_social,31
NOITE,PEDRO CANARIO,patrimonial,17
NOITE,PEDRO CANARIO,objetos,6
TARDE,PEDRO CANARIO,patrimonial,53
TARDE,PEDRO CANARIO,violencia_social,14
TARDE,PEDRO CANARIO,objetos,6
TARDE,PEDRO CANARIO,digital,1
MADRUGADA,PINHEIROS,violencia_social,19
MADRUGADA,PINHEIROS,patrimonial,5
MADRUGADA,PINHEIROS,digital,4
MADRUGADA,PINHEIROS,objetos,3
MANHA,PINHEIROS,patrimonial,38
MANHA,PINHEIROS,violencia_social,22
MANHA,PINHEIROS,objetos,15
MANHA,PINHEIROS,digital,8
NOITE,PINHEIROS,violencia_social,46
NOITE,PINHEIROS,patrimonial,20
NOITE,PINHEIROS,objetos,11
NOITE,PINHEIROS,digital,1
TARDE,PINHEIROS,patrimonial,43
TARDE,PINHEIROS,violencia_social,30
TARDE,PINHEIROS,digital,13
TARDE,PINHEIROS,objetos,6
MADRUGADA,PIUMA,patrimonial,44
MADRUGADA,PIUMA,violencia_social,32
MADRUGADA,PIUMA,objetos,19
MANHA,PIUMA,patrimonial,76
MANHA,PIUMA,violencia_social,31
MANHA,PIUMA,objetos,6
MANHA,PIUMA,digital,1
NOITE,PIUMA,patrimonial,71
NOITE,PIUMA,violencia_social,58
NOITE,PIUMA,objetos,39
TARDE,PIUMA,patrimonial,111
TARDE,PIUMA,violencia_social,40
TARDE,PIUMA,objetos,8
TARDE,PIUMA,digital,3
MADRUGADA,PONTO BELO,patrimonial,6
MADRUGADA,PONTO BELO,violencia_social,6
MADRUGADA,PONTO BELO,objetos,1
MANHA,PONTO BELO,patrimonial,5
MANHA,PONTO BELO,violencia_social,2
MANHA,PONTO BELO,objetos,1
NOITE,PONTO BELO,violencia_social,7
NOITE,PONTO BELO,patrimonial,5
NOITE,PONTO BELO,objetos,2
TARDE,PONTO BELO,patrimonial,9
TARDE,PONTO BELO,violencia_social,6
TARDE,PONTO BELO,digital,1
MADRUGADA,PRESIDENTE KENNEDY,violencia_social,13
MADRUGADA,PRESIDENTE KENNEDY,patrimonial,6
MADRUGADA,PRESIDENTE KENNEDY,objetos,2
MANHA,PRESIDENTE KENNEDY,patrimonial,24
MANHA,PRESIDENTE KENNEDY,violencia_social,15
NOITE,PRESIDENTE KENNEDY,violencia_social,43
NOITE,PRESIDENTE KENNEDY,patrimonial,8
NOITE,PRESIDENTE KENNEDY,objetos,3
TARDE,PRESIDENTE KENNEDY,patrimonial,31
TARDE,PRESIDENTE KENNEDY,violencia_social,27
TARDE,PRESIDENTE KENNEDY,objetos,5
MADRUGADA,RIO BANANAL,violencia_social,9
MADRUGADA,RIO BANANAL,objetos,1
MANHA,RIO BANANAL,patrimonial,22
MANHA,RIO BANANAL,violencia_social,14
MANHA,RIO BANANAL,objetos,3
NOITE,RIO BANANAL,violencia_social,24
NOITE,RIO BANANAL,objetos,5
NOITE,RIO BANANAL,patrimonial,5
TARDE,RIO BANANAL,patrimonial,29
TARDE,RIO BANANAL,violencia_social,20
TARDE,RIO BANANAL,objetos,4
MADRUGADA,RIO NOVO DO SUL,patrimonial,5
MADRUGADA,RIO NOVO DO SUL,violencia_social,5
MADRUGADA,RIO NOVO DO SUL,objetos,3
MANHA,RIO NOVO DO SUL,patrimonial,24
MANHA,RIO NOVO DO SUL,objetos,3
MANHA,RIO NOVO DO SUL,violencia_social,2
MANHA,RIO NOVO DO SUL,digital,1
NOITE,RIO NOVO DO SUL,patrimonial,17
NOITE,RIO NOVO DO SUL,violencia_social,12
NOITE,RIO NOVO DO SUL,objetos,7
TARDE,RIO NOVO DO SUL,violencia_social,19
TARDE,RIO NOVO DO SUL,patrimonial,15
TARDE,RIO NOVO DO SUL,objetos,4
MADRUGADA,SANTA LEOPOLDINA,violencia_social,6
MADRUGADA,SANTA LEOPOLDINA,objetos,4
MADRUGADA,SANTA LEOPOLDINA,patrimonial,4
MANHA,SANTA LEOPOLDINA,patrimonial,22
MANHA,SANTA LEOPOLDINA,violencia_social,11
MANHA,SANTA LEOPOLDINA,objetos,2
NOITE,SANTA LEOPOLDINA,violencia_social,18
NOITE,SANTA LEOPOLDINA,patrimonial,8
NOITE,SANTA LEOPOLDINA,objetos,4
TARDE,SANTA LEOPOLDINA,patrimonial,19
TARDE,SANTA LEOPOLDINA,violencia_social,8
TARDE,SANTA LEOPOLDINA,objetos,1
MADRUGADA,SANTA MARIA DE JETIBA,violencia_social,19
MADRUGADA,SANTA MARIA DE JETIBA,patrimonial,18
MADRUGADA,SANTA MARIA DE JETIBA,objetos,10
MANHA,SANTA MARIA DE JETIBA,patrimonial,49
MANHA,SANTA MARIA DE JETIBA,violencia_social,30
MANHA,SANTA MARIA DE JETIBA,objetos,13
MANHA,SANTA MARIA DE JETIBA,digital,3
NOITE,SANTA MARIA DE JETIBA,violencia_social,93
NOITE,SANTA MARIA DE JETIBA,patrimonial,21
NOITE,SANTA MARIA DE JETIBA,objetos,20
NOITE,SANTA MARIA DE JETIBA,digital,1
TARDE,SANTA MARIA DE JETIBA,patrimonial,95
TARDE,SANTA MARIA DE JETIBA,violencia_social,87
TARDE,SANTA MARIA DE JETIBA,objetos,9
TARDE,SANTA MARIA DE JETIBA,digital,3
MADRUGADA,SANTA TERESA,violencia_social,13
MADRUGADA,SANTA TERESA,patrimonial,7
MADRUGADA,SANTA TERESA,digital,1
MADRUGADA,SANTA TERESA,objetos,1
MANHA,SANTA TERESA,patrimonial,52
MANHA,SANTA TERESA,violencia_social,12
MANHA,SANTA TERESA,digital,7
MANHA,SANTA TERESA,objetos,3
NOITE,SANTA TERESA,violencia_social,38
NOITE,SANTA TERESA,patrimonial,18
NOITE,SANTA TERESA,objetos,10
NOITE,SANTA TERESA,digital,3
TARDE,SANTA TERESA,patrimonial,65
TARDE,SANTA TERESA,violencia_social,25
TARDE,SANTA TERESA,digital,12
TARDE,SANTA TERESA,objetos,2
MADRUGADA,SAO DOMINGOS DO NORTE,violencia_social,7
MADRUGADA,SAO DOMINGOS DO NORTE,patrimonial,2
MANHA,SAO DOMINGOS DO NORTE,patrimonial,18
MANHA,SAO DOMINGOS DO NORTE,violencia_social,8
MANHA,SAO DOMINGOS DO NORTE,objetos,3
NOITE,SAO DOMINGOS DO NORTE,violencia_social,12
NOITE,SAO DOMINGOS DO NORTE,patrimonial,8
NOITE,SAO DOMINGOS DO NORTE,objetos,2
TARDE,SAO DOMINGOS DO NORTE,patrimonial,16
TARDE,SAO DOMINGOS DO NORTE,violencia_social,6
TARDE,SAO DOMINGOS DO NORTE,objetos,2
MADRUGADA,SAO GABRIEL DA PALHA,violencia_social,32
MADRUGADA,SAO GABRIEL DA PALHA,patrimonial,20
MADRUGADA,SAO GABRIEL DA PALHA,objetos,13
MANHA,SAO GABRIEL DA PALHA,patrimonial,62
MANHA,SAO GABRIEL DA PALHA,violencia_social,39
MANHA,SAO GABRIEL DA PALHA,objetos,14
MANHA,SAO GABRIEL DA PALHA,digital,1
NOITE,SAO GABRIEL DA PALHA,violencia_social,109
NOITE,SAO GABRIEL DA PALHA,patrimonial,31
NOITE,SAO GABRIEL DA PALHA,objetos,18
TARDE,SAO GABRIEL DA PALHA,patrimonial,81
TARDE,SAO GABRIEL DA PALHA,violencia_social,44
TARDE,SAO GABRIEL DA PALHA,objetos,14
MADRUGADA,SAO JOSE DO CALCADO,violencia_social,21
MADRUGADA,SAO JOSE DO CALCADO,patrimonial,15
MANHA,SAO JOSE DO CALCADO,patrimonial,22
MANHA,SAO JOSE DO CALCADO,violencia_social,11
MANHA,SAO JOSE DO CALCADO,objetos,3
NOITE,SAO JOSE DO CALCADO,violencia_social,28
NOITE,SAO JOSE DO CALCADO,patrimonial,10
NOITE,SAO JOSE DO CALCADO,objetos,1
TARDE,SAO JOSE DO CALCADO,patrimonial,27
TARDE,SAO JOSE DO CALCADO,violencia_social,13
TARDE,SAO JOSE DO CALCADO,objetos,2
MADRUGADA,SAO MATEUS,violencia_social,139
MADRUGADA,SAO MATEUS,patrimonial,81
MADRUGADA,SAO MATEUS,objetos,45
MADRUGADA,SAO MATEUS,digital,1
MANHA,SAO MATEUS,violencia_social,97
MANHA,SAO MATEUS,patrimonial,82
MANHA,SAO MATEUS,objetos,36
NOITE,SAO MATEUS,violencia_social,174
NOITE,SAO MATEUS,patrimonial,108
NOITE,SAO MATEUS,objetos,81
TARDE,SAO MATEUS,patrimonial,147
TARDE,SAO MATEUS,violencia_social,112
TARDE,SAO MATEUS,objetos,41
MADRUGADA,SAO ROQUE DO CANAA,objetos,2
MADRUGADA,SAO ROQUE DO CANAA,patrimonial,2
MADRUGADA,SAO ROQUE DO CANAA,violencia_social,2
MANHA,SAO ROQUE DO CANAA,patrimonial,19
MANHA,SAO ROQUE DO CANAA,violencia_social,2
MANHA,SAO ROQUE DO CANAA,digital,1
NOITE,SAO ROQUE DO CANAA,violencia_social,13
NOITE,SAO ROQUE DO CANAA,patrimonial,5
NOITE,SAO ROQUE DO CANAA,digital,1
TARDE,SAO ROQUE DO CANAA,patrimonial,17
TARDE,SAO ROQUE DO CANAA,violencia_social,17
TARDE,SAO ROQUE DO CANAA,digital,3
TARDE,SAO ROQUE DO CANAA,objetos,3
MADRUGADA,SERRA,patrimonial,661
MADRUGADA,SERRA,objetos,583
MADRUGADA,SERRA,violencia_social,346
MADRUGADA,SERRA,digital,32
MANHA,SERRA,patrimonial,2359
MANHA,SERRA,objetos,736
MANHA,SERRA,violencia_social,540
MANHA,SERRA,digital,118
NOITE,SERRA,patrimonial,2028
NOITE,SERRA,objetos,1190
NOITE,SERRA,violencia_social,803
NOITE,SERRA,digital,90
TARDE,SERRA,patrimonial,3404
TARDE,SERRA,objetos,989
TARDE,SERRA,violencia_social,576
TARDE,SERRA,digital,184
MADRUGADA,SOORETAMA,patrimonial,41
MADRUGADA,SOORETAMA,objetos,19
MADRUGADA,SOORETAMA,violencia_social,16
MANHA,SOORETAMA,patrimonial,24
MANHA,SOORETAMA,violencia_social,22
MANHA,SOORETAMA,objetos,7
NOITE,SOORETAMA,violencia_social,30
NOITE,SOORETAMA,objetos,15
NOITE,SOORETAMA,patrimonial,14
TARDE,SOORETAMA,patrimonial,26
TARDE,SOORETAMA,violencia_social,15
TARDE,SOORETAMA,objetos,8
MADRUGADA,VARGEM ALTA,patrimonial,14
MADRUGADA,VARGEM ALTA,violencia_social,11
MADRUGADA,VARGEM ALTA,objetos,2
MADRUGADA,VARGEM ALTA,digital,1
MANHA,VARGEM ALTA,patrimonial,31
MANHA,VARGEM ALTA,objetos,20
MANHA,VARGEM ALTA,violencia_social,20
MANHA,VARGEM ALTA,digital,6
NOITE,VARGEM ALTA,violencia_social,36
NOITE,VARGEM ALTA,patrimonial,14
NOITE,VARGEM ALTA,objetos,7
NOITE,VARGEM ALTA,digital,3
TARDE,VARGEM ALTA,patrimonial,59
TARDE,VARGEM ALTA,violencia_social,17
TARDE,VARGEM ALTA,digital,7
TARDE,VARGEM ALTA,objetos,1
MADRUGADA,VENDA NOVA DO IMIGRANTE,patrimonial,19
MADRUGADA,VENDA NOVA DO IMIGRANTE,violencia_social,5
MADRUGADA,VENDA NOVA DO IMIGRANTE,objetos,3
MANHA,VENDA NOVA DO IMIGRANTE,patrimonial,60
MANHA,VENDA NOVA DO IMIGRANTE,violencia_social,29
MANHA,VENDA NOVA DO IMIGRANTE,objetos,4
NOITE,VENDA NOVA DO IMIGRANTE,violencia_social,40
NOITE,VENDA NOVA DO IMIGRANTE,patrimonial,34
NOITE,VENDA NOVA DO IMIGRANTE,objetos,4
NOITE,VENDA NOVA DO IMIGRANTE,digital,2
TARDE,VENDA NOVA DO IMIGRANTE,patrimonial,104
TARDE,VENDA NOVA DO IMIGRANTE,violencia_social,26
TARDE,VENDA NOVA DO IMIGRANTE,objetos,5
MADRUGADA,VIANA,patrimonial,132
MADRUGADA,VIANA,objetos,66
MADRUGADA,VIANA,violencia_social,40
MADRUGADA,VIANA,digital,5
MANHA,VIANA,patrimonial,186
MANHA,VIANA,violencia_social,57
MANHA,VIANA,objetos,38
MANHA,VIANA,digital,3
NOITE,VIANA,patrimonial,151
NOITE,VIANA,violencia_social,121
NOITE,VIANA,objetos,59
NOITE,VIANA,digital,5
TARDE,VIANA,patrimonial,271
TARDE,VIANA,violencia_social,92
TARDE,VIANA,objetos,24
TARDE,VIANA,digital,3
MADRUGADA,VILA PAVAO,patrimonial,13
MADRUGADA,VILA PAVAO,violencia_social,3
MADRUGADA,VILA PAVAO,objetos,1
MANHA,VILA PAVAO,patrimonial,14
MANHA,VILA PAVAO,violencia_social,12
NOITE,VILA PAVAO,violencia_social,11
NOITE,VILA PAVAO,patrimonial,7
NOITE,VILA PAVAO,objetos,3
TARDE,VILA PAVAO,patrimonial,15
TARDE,VILA PAVAO,violencia_social,7
TARDE,VILA PAVAO,objetos,3
MADRUGADA,VILA VALERIO,violencia_social,5
MADRUGADA,VILA VALERIO,objetos,3
MADRUGADA,VILA VALERIO,patrimonial,3
MANHA,VILA VALERIO,patrimonial,6
MANHA,VILA VALERIO,violencia_social,4
MANHA,VILA VALERIO,objetos,1
NOITE,VILA VALERIO,violencia_social,9
NOITE,VILA VALERIO,patrimonial,8
NOITE,VILA VALERIO,objetos,3
TARDE,VILA VALERIO,patrimonial,20
TARDE,VILA VALERIO,violencia_social,7
TARDE,VILA VALERIO,objetos,2
MADRUGADA,VILA VELHA,patrimonial,1059
MADRUGADA,VILA VELHA,objetos,880
MADRUGADA,VILA VELHA,violencia_social,241
MADRUGADA,VILA VELHA,digital,8
MANHA,VILA VELHA,patrimonial,2830
MANHA,VILA VELHA,objetos,754
MANHA,VILA VELHA,violencia_social,482
MANHA,VILA VELHA,digital,23
NOITE,VILA VELHA,patrimonial,2330
NOITE,VILA VELHA,objetos,1351
NOITE,VILA VELHA,violencia_social,659
NOITE,VILA VELHA,digital,27
TARDE,VILA VELHA,patrimonial,4069
TARDE,VILA VELHA,objetos,1003
TARDE,VILA VELHA,violencia_social,572
TARDE,VILA VELHA,digital,37
MADRUGADA,VITORIA,patrimonial,717
MADRUGADA,VITORIA,objetos,469
MADRUGADA,VITORIA,violencia_social,166
MADRUGADA,VITORIA,digital,21
MANHA,VITORIA,patrimonial,2696
MANHA,VITORIA,objetos,858
MANHA,VITORIA,violencia_social,249
MANHA,VITORIA,digital,103
NOITE,VITORIA,patrimonial,1891
NOITE,VITORIA,objetos,903
NOITE,VITORIA,violencia_social,401
NOITE,VITORIA,digital,72
TARDE,VITORIA,patrimonial,3593
TARDE,VITORIA,objetos,902
TARDE,VITORIA,violencia_social,323
TARDE,VITORIA,digital,118
