municipio,tipo_objeto,acao_objeto,quantidade
AFONSO CLAUDIO,APARELHOS TELEFONICOS,FURTADO,7
AFONSO CLAUDIO,VEICULO,FURTADO,5
AFONSO CLAUDIO,APARELHOS TELEFONICOS,ROUBADO,3
AFONSO CLAUDIO,VEICULO,ROUBADO,2
AGUA DOCE DO NORTE,VEICULO,FURTADO,2
AGUIA BRANCA,VEICULO,FURTADO,2
ALEGRE,APARELHOS TELEFONICOS,FURTADO,23
ALEGRE,BICICLETA,FURTADO,5
ALEGRE,VEICULO,FURTADO,5
ALEGRE,APARELHOS TELEFONICOS,ROUBADO,2
ALFREDO CHAVES,APARELHOS TELEFONICOS,FURTADO,12
ALFREDO CHAVES,BICICLETA,FURTADO,2
ALTO RIO NOVO,APARELHOS TELEFONICOS,FURTADO,1
ANCHIETA,APARELHOS TELEFONICOS,FURTADO,16
ANCHIETA,VEICULO,FURTADO,11
ANCHIETA,APARELHOS TELEFONICOS,ROUBADO,6
ANCHIETA,BICICLETA,FURTADO,5
ANCHIETA,VEICULO,ROUBADO,4
APIACA,APARELHOS TELEFONICOS,FURTADO,4
ARACRUZ,APARELHOS TELEFONICOS,FURTADO,148
ARACRUZ,APARELHOS TELEFONICOS,ROUBADO,55
ARACRUZ,VEICULO,FURTADO,45
ARACRUZ,BICICLETA,FURTADO,31
ARACRUZ,VEICULO,ROUBADO,24
ARACRUZ,BICICLETA,ROUBADO,2
ATILIO VIVACQUA,APARELHOS TELEFONICOS,FURTADO,6
ATILIO VIVACQUA,VEICULO,FURTADO,6
ATILIO VIVACQUA,BICICLETA,FURTADO,1
BAIXO GUANDU,VEICULO,FURTADO,19
BAIXO GUANDU,APARELHOS TELEFONICOS,FURTADO,11
BAIXO GUANDU,BICICLETA,FURTADO,8
BAIXO GUANDU,APARELHOS TELEFONICOS,ROUBADO,1
BAIXO GUANDU,VEICULO,ROUBADO,1
BARRA DE SAO FRANCISCO,APARELHOS TELEFONICOS,FURTADO,21
BARRA DE SAO FRANCISCO,VEICULO,FURTADO,20
BARRA DE SAO FRANCISCO,BICICLETA,FURTADO,15
BARRA DE SAO FRANCISCO,APARELHOS TELEFONICOS,ROUBADO,5
BARRA DE SAO FRANCISCO,VEICULO,ROUBADO,2
BOA ESPERANCA,APARELHOS TELEFONICOS,FURTADO,7
BOA ESPERANCA,APARELHOS TELEFONICOS,ROUBADO,6
BOA ESPERANCA,VEICULO,ROUBADO,3
BOA ESPERANCA,BICICLETA,FURTADO,2
BOM JESUS DO NORTE,APARELHOS TELEFONICOS,FURTADO,11
BOM JESUS DO NORTE,APARELHOS TELEFONICOS,ROUBADO,3
BOM JESUS DO NORTE,BICICLETA,FURTADO,2
BOM JESUS DO NORTE,BICICLETA,ROUBADO,1
BOM JESUS DO NORTE,VEICULO,FURTADO,1
BREJETUBA,APARELHOS TELEFONICOS,FURTADO,3
BREJETUBA,VEICULO,FURTADO,2
BREJETUBA,APARELHOS TELEFONICOS,ROUBADO,1
CACHOEIRO DE ITAPEMIRIM,APARELHOS TELEFONICOS,FURTADO,193
CACHOEIRO DE ITAPEMIRIM,VEICULO,FURTADO,70
CACHOEIRO DE ITAPEMIRIM,APARELHOS TELEFONICOS,ROUBADO,67
CACHOEIRO DE ITAPEMIRIM,VEICULO,ROUBADO,21
CACHOEIRO DE ITAPEMIRIM,BICICLETA,FURTADO,9
CARIACICA,APARELHOS TELEFONICOS,ROUBADO,1463
CARIACICA,APARELHOS TELEFONICOS,FURTADO,1016
CARIACICA,VEICULO,ROUBADO,386
CARIACICA,VEICULO,FURTADO,306
CARIACICA,BICICLETA,FURTADO,40
CARIACICA,BICICLETA,ROUBADO,18
CASTELO,APARELHOS TELEFONICOS,FURTADO,27
CASTELO,VEICULO,FURTADO,13
CASTELO,BICICLETA,FURTADO,7
COLATINA,APARELHOS TELEFONICOS,FURTADO,117
COLATINA,VEICULO,FURTADO,48
COLATINA,APARELHOS TELEFONICOS,ROUBADO,26
COLATINA,VEICULO,ROUBADO,10
COLATINA,BICICLETA,FURTADO,3
CONCEICAO DA BARRA,APARELHOS TELEFONICOS,FURTADO,34
CONCEICAO DA BARRA,BICICLETA,FURTADO,20
CONCEICAO DA BARRA,APARELHOS TELEFONICOS,ROUBADO,12
CONCEICAO DA BARRA,VEICULO,FURTADO,9
CONCEICAO DA BARRA,VEICULO,ROUBADO,7
CONCEICAO DA BARRA,BICICLETA,ROUBADO,1
CONCEICAO DO CASTELO,APARELHOS TELEFONICOS,FURTADO,4
CONCEICAO DO CASTELO,APARELHOS TELEFONICOS,ROUBADO,2
CONCEICAO DO CASTELO,BICICLETA,FURTADO,1
DIVINO DE SAO LOURENCO,APARELHOS TELEFONICOS,FURTADO,1
DOMINGOS MARTINS,APARELHOS TELEFONICOS,FURTADO,15
DOMINGOS MARTINS,VEICULO,ROUBADO,5
DOMINGOS MARTINS,APARELHOS TELEFONICOS,ROUBADO,4
DOMINGOS MARTINS,VEICULO,FURTADO,4
DOMINGOS MARTINS,BICICLETA,FURTADO,2
FUNDAO,APARELHOS TELEFONICOS,FURTADO,14
FUNDAO,APARELHOS TELEFONICOS,ROUBADO,11
FUNDAO,VEICULO,FURTADO,9
FUNDAO,BICICLETA,FURTADO,2
FUNDAO,VEICULO,ROUBADO,2
GOVERNADOR LINDENBERG,VEICULO,FURTADO,2
GOVERNADOR LINDENBERG,VEICULO,ROUBADO,2
GOVERNADOR LINDENBERG,APARELHOS TELEFONICOS,FURTADO,1
GUACUI,APARELHOS TELEFONICOS,FURTADO,22
GUACUI,BICICLETA,FURTADO,7
GUACUI,VEICULO,FURTADO,6
GUARAPARI,APARELHOS TELEFONICOS,FURTADO,261
GUARAPARI,APARELHOS TELEFONICOS,ROUBADO,157
GUARAPARI,BICICLETA,FURTADO,139
GUARAPARI,VEICULO,FURTADO,71
GUARAPARI,VEICULO,ROUBADO,17
GUARAPARI,BICICLETA,ROUBADO,14
IBATIBA,VEICULO,FURTADO,11
IBATIBA,APARELHOS TELEFONICOS,FURTADO,9
IBATIBA,APARELHOS TELEFONICOS,ROUBADO,5
IBATIBA,BICICLETA,FURTADO,5
IBATIBA,VEICULO,ROUBADO,1
IBIRACU,APARELHOS TELEFONICOS,FURTADO,9
IBIRACU,APARELHOS TELEFONICOS,ROUBADO,2
IBIRACU,BICICLETA,FURTADO,1
IBIRACU,VEICULO,FURTADO,1
IBITIRAMA,APARELHOS TELEFONICOS,FURTADO,2
IBITIRAMA,VEICULO,FURTADO,1
ICONHA,APARELHOS TELEFONICOS,FURTADO,6
ICONHA,BICICLETA,FURTADO,5
ICONHA,VEICULO,FURTADO,1
IRUPI,VEICULO,FURTADO,4
IRUPI,APARELHOS TELEFONICOS,ROUBADO,3
IRUPI,APARELHOS TELEFONICOS,FURTADO,2
IRUPI,BICICLETA,ROUBADO,1
IRUPI,VEICULO,ROUBADO,1
ITAGUACU,APARELHOS TELEFONICOS,FURTADO,6
ITAGUACU,VEICULO,FURTADO,5
ITAGUACU,BICICLETA,FURTADO,2
ITAPEMIRIM,APARELHOS TELEFONICOS,FURTADO,56
ITAPEMIRIM,VEICULO,FURTADO,15
ITAPEMIRIM,BICICLETA,FURTADO,12
ITAPEMIRIM,APARELHOS TELEFONICOS,ROUBADO,7
ITAPEMIRIM,VEICULO,ROUBADO,5
ITAPEMIRIM,BICICLETA,ROUBADO,1
ITARANA,VEICULO,FURTADO,4
IUNA,APARELHOS TELEFONICOS,FURTADO,13
IUNA,VEICULO,FURTADO,10
IUNA,APARELHOS TELEFONICOS,ROUBADO,3
IUNA,BICICLETA,FURTADO,2
IUNA,VEICULO,ROUBADO,2
JAGUARE,APARELHOS TELEFONICOS,FURTADO,8
JAGUARE,APARELHOS TELEFONICOS,ROUBADO,6
JAGUARE,VEICULO,ROUBADO,6
JAGUARE,VEICULO,FURTADO,3
JERONIMO MONTEIRO,VEICULO,FURTADO,5
JERONIMO MONTEIRO,APARELHOS TELEFONICOS,FURTADO,4
JERONIMO MONTEIRO,BICICLETA,FURTADO,2
JERONIMO MONTEIRO,APARELHOS TELEFONICOS,ROUBADO,1
JOAO NEIVA,APARELHOS TELEFONICOS,FURTADO,14
JOAO NEIVA,BICICLETA,FURTADO,3
JOAO NEIVA,VEICULO,FURTADO,2
LARANJA DA TERRA,APARELHOS TELEFONICOS,FURTADO,2
LARANJA DA TERRA,VEICULO,FURTADO,1
LINHARES,APARELHOS TELEFONICOS,ROUBADO,192
LINHARES,APARELHOS TELEFONICOS,FURTADO,183
LINHARES,BICICLETA,FURTADO,123
LINHARES,VEICULO,FURTADO,93
LINHARES,BICICLETA,ROUBADO,20
LINHARES,VEICULO,ROUBADO,17
MANTENOPOLIS,APARELHOS TELEFONICOS,FURTADO,10
MANTENOPOLIS,VEICULO,FURTADO,3
MANTENOPOLIS,BICICLETA,FURTADO,2
MARATAIZES,APARELHOS TELEFONICOS,FURTADO,66
MARATAIZES,VEICULO,FURTADO,58
MARATAIZES,BICICLETA,FURTADO,26
MARATAIZES,APARELHOS TELEFONICOS,ROUBADO,15
MARATAIZES,VEICULO,ROUBADO,5
MARATAIZES,BICICLETA,ROUBADO,1
MARECHAL FLORIANO,APARELHOS TELEFONICOS,FURTADO,10
MARECHAL FLORIANO,BICICLETA,FURTADO,2
MARECHAL FLORIANO,VEICULO,ROUBADO,2
MARECHAL FLORIANO,APARELHOS TELEFONICOS,ROUBADO,1
MARECHAL FLORIANO,VEICULO,FURTADO,1
MARILANDIA,APARELHOS TELEFONICOS,FURTADO,7
MARILANDIA,VEICULO,FURTADO,7
MARILANDIA,BICICLETA,FURTADO,6
MIMOSO DO SUL,APARELHOS TELEFONICOS,FURTADO,24
MIMOSO DO SUL,VEICULO,FURTADO,4
MIMOSO DO SUL,BICICLETA,FURTADO,3
MIMOSO DO SUL,BICICLETA,ROUBADO,3
MIMOSO DO SUL,VEICULO,ROUBADO,2
MIMOSO DO SUL,APARELHOS TELEFONICOS,ROUBADO,1
MONTANHA,APARELHOS TELEFONICOS,FURTADO,14
MONTANHA,BICICLETA,FURTADO,6
MONTANHA,VEICULO,FURTADO,5
MONTANHA,APARELHOS TELEFONICOS,ROUBADO,3
MONTANHA,VEICULO,ROUBADO,1
MUCURICI,VEICULO,FURTADO,2
MUCURICI,APARELHOS TELEFONICOS,FURTADO,1
MUNIZ FREIRE,APARELHOS TELEFONICOS,FURTADO,4
MUNIZ FREIRE,VEICULO,FURTADO,3
MUNIZ FREIRE,BICICLETA,FURTADO,1
MUNIZ FREIRE,VEICULO,ROUBADO,1
MUQUI,APARELHOS TELEFONICOS,FURTADO,10
MUQUI,VEICULO,FURTADO,3
MUQUI,BICICLETA,FURTADO,1
NOVA VENECIA,APARELHOS TELEFONICOS,FURTADO,39
NOVA VENECIA,VEICULO,FURTADO,15
NOVA VENECIA,APARELHOS TELEFONICOS,ROUBADO,8
NOVA VENECIA,VEICULO,ROUBADO,2
NOVA VENECIA,BICICLETA,FURTADO,1
PANCAS,APARELHOS TELEFONICOS,FURTADO,10
PANCAS,VEICULO,FURTADO,6
PANCAS,APARELHOS TELEFONICOS,ROUBADO,1
PANCAS,BICICLETA,FURTADO,1
PEDRO CANARIO,APARELHOS TELEFONICOS,FURTADO,14
PEDRO CANARIO,APARELHOS TELEFONICOS,ROUBADO,3
PEDRO CANARIO,BICICLETA,FURTADO,3
PEDRO CANARIO,VEICULO,FURTADO,3
PINHEIROS,APARELHOS TELEFONICOS,FURTADO,18
PINHEIROS,APARELHOS TELEFONICOS,ROUBADO,9
PINHEIROS,VEICULO,FURTADO,5
PINHEIROS,VEICULO,ROUBADO,2
PINHEIROS,BICICLETA,FURTADO,1
PIUMA,APARELHOS TELEFONICOS,FURTADO,33
PIUMA,VEICULO,FURTADO,14
PIUMA,APARELHOS TELEFONICOS,ROUBADO,13
PIUMA,BICICLETA,FURTADO,11
PIUMA,VEICULO,ROUBADO,1
PONTO BELO,APARELHOS TELEFONICOS,FURTADO,2
PONTO BELO,APARELHOS TELEFONICOS,ROUBADO,1
PONTO BELO,BICICLETA,FURTADO,1
PRESIDENTE KENNEDY,APARELHOS TELEFONICOS,FURTADO,5
PRESIDENTE KENNEDY,VEICULO,FURTADO,2
PRESIDENTE KENNEDY,APARELHOS TELEFONICOS,ROUBADO,1
PRESIDENTE KENNEDY,BICICLETA,FURTADO,1
PRESIDENTE KENNEDY,VEICULO,ROUBADO,1
RIO BANANAL,APARELHOS TELEFONICOS,FURTADO,5
RIO BANANAL,VEICULO,FURTADO,4
RIO BANANAL,BICICLETA,FURTADO,2
RIO BANANAL,APARELHOS TELEFONICOS,ROUBADO,1
RIO BANANAL,VEICULO,ROUBADO,1
RIO NOVO DO SUL,APARELHOS TELEFONICOS,FURTADO,8
RIO NOVO DO SUL,VEICULO,FURTADO,4
RIO NOVO DO SUL,BICICLETA,FURTADO,3
RIO NOVO DO SUL,APARELHOS TELEFONICOS,ROUBADO,1
RIO NOVO DO SUL,VEICULO,ROUBADO,1
SANTA LEOPOLDINA,VEICULO,FURTADO,5
SANTA LEOPOLDINA,APARELHOS TELEFONICOS,FURTADO,4
SANTA LEOPOLDINA,APARELHOS TELEFONICOS,ROUBADO,2
SANTA MARIA DE JETIBA,VEICULO,FURTADO,27
SANTA MARIA DE JETIBA,APARELHOS TELEFONICOS,FURTADO,9
SANTA MARIA DE JETIBA,BICICLETA,FURTADO,8
SANTA MARIA DE JETIBA,APARELHOS TELEFONICOS,ROUBADO,4
SANTA MARIA DE JETIBA,VEICULO,ROUBADO,4
SANTA TERESA,VEICULO,FURTADO,11
SANTA TERESA,APARELHOS TELEFONICOS,FURTADO,2
SANTA TERESA,BICICLETA,FURTADO,2
SANTA TERESA,VEICULO,ROUBADO,1
SAO DOMINGOS DO NORTE,APARELHOS TELEFONICOS,FURTADO,5
SAO DOMINGOS DO NORTE,VEICULO,FURTADO,2
SAO GABRIEL DA PALHA,APARELHOS TELEFONICOS,FURTADO,27
SAO GABRIEL DA PALHA,VEICULO,FURTADO,17
SAO GABRIEL DA PALHA,APARELHOS TELEFONICOS,ROUBADO,8
SAO GABRIEL DA PALHA,VEICULO,ROUBADO,4
SAO GABRIEL DA PALHA,BICICLETA,FURTADO,3
SAO JOSE DO CALCADO,APARELHOS TELEFONICOS,FURTADO,3
SAO JOSE DO CALCADO,VEICULO,FURTADO,3
SAO MATEUS,APARELHOS TELEFONICOS,ROUBADO,82
SAO MATEUS,APARELHOS TELEFONICOS,FURTADO,45
SAO MATEUS,VEICULO,FURTADO,44
SAO MATEUS,VEICULO,ROUBADO,26
SAO MATEUS,BICICLETA,FURTADO,5
SAO MATEUS,BICICLETA,ROUBADO,1
SAO ROQUE DO CANAA,VEICULO,FURTADO,3
SAO ROQUE DO CANAA,APARELHOS TELEFONICOS,FURTADO,2
SERRA,APARELHOS TELEFONICOS,ROUBADO,1375
SERRA,APARELHOS TELEFONICOS,FURTADO,931
SERRA,VEICULO,FURTADO,639
SERRA,BICICLETA,FURTADO,259
SERRA,VEICULO,ROUBADO,236
SERRA,BICICLETA,ROUBADO,58
SOORETAMA,APARELHOS TELEFONICOS,ROUBADO,18
SOORETAMA,APARELHOS TELEFONICOS,FURTADO,17
SOORETAMA,BICICLETA,FURTADO,8
SOORETAMA,VEICULO,FURTADO,3
SOORETAMA,VEICULO,ROUBADO,2
SOORETAMA,BICICLETA,ROUBADO,1
VARGEM ALTA,APARELHOS TELEFONICOS,FURTADO,22
VARGEM ALTA,VEICULO,FURTADO,4
VARGEM ALTA,APARELHOS TELEFONICOS,ROUBADO,2
VARGEM ALTA,VEICULO,ROUBADO,2
VENDA NOVA DO IMIGRANTE,BICICLETA,FURTADO,8
VENDA NOVA DO IMIGRANTE,APARELHOS TELEFONICOS,FURTADO,5
VENDA NOVA DO IMIGRANTE,APARELHOS TELEFONICOS,ROUBADO,1
VENDA NOVA DO IMIGRANTE,VEICULO,FURTADO,1
VENDA NOVA DO IMIGRANTE,VEICULO,ROUBADO,1
VIANA,APARELHOS TELEFONICOS,ROUBADO,79
VIANA,APARELHOS TELEFONICOS,FURTADO,45
VIANA,VEICULO,FURTADO,41
VIANA,VEICULO,ROUBADO,19
VIANA,BICICLETA,FURTADO,3
VILA PAVAO,VEICULO,FURTADO,5
VILA PAVAO,APARELHOS TELEFONICOS,FURTADO,2
VILA VALERIO,APARELHOS TELEFONICOS,FURTADO,5
VILA VALERIO,APARELHOS TELEFONICOS,ROUBADO,2
VILA VALERIO,VEICULO,FURTADO,1
VILA VALERIO,VEICULO,ROUBADO,1
VILA VELHA,APARELHOS TELEFONICOS,ROUBADO,1418
VILA VELHA,APARELHOS TELEFONICOS,FURTADO,965
VILA VELHA,BICICLETA,FURTADO,650
VILA VELHA,VEICULO,FURTADO,431
VILA VELHA,VEICULO,ROUBADO,287
VILA VELHA,BICICLETA,ROUBADO,237
VITORIA,APARELHOS TELEFONICOS,FURTADO,1560
VITORIA,APARELHOS TELEFONICOS,ROUBADO,753
VITORIA,BICICLETA,FURTADO,379
VITORIA,VEICULO,FURTADO,341
VITORIA,BICICLETA,ROUBADO,60
VITORIA,VEICULO,ROUBADO,39
